REF_DATE,Name_of_Province,DGUID,Province,Vehicle_type,Origin_of_manufacture,Sales,Seasonal adjustment,UOM,UOM_ID,SCALAR_FACTOR,SCALAR_ID,VECTOR,COORDINATE,Units_Sold
Jan-24,Quebec,2016A000224,QC,Passenger cars,North America,Units,Unadjusted,Units,300,units,0,v42170107,6.2.2.1.1,2108
Jan-24,Quebec,2016A000224,QC,Passenger cars,Japan,Units,Unadjusted,Units,300,units,0,v42170111,6.2.4.1.1,1096
Jan-24,Quebec,2016A000224,QC,Passenger cars,Other countries,Units,Unadjusted,Units,300,units,0,v42170113,6.2.5.1.1,1057
Jan-24,Quebec,2016A000224,QC,Trucks,North America,Units,Unadjusted,Units,300,units,0,v42170117,6.3.2.1.1,14242
Jan-24,Ontario,2016A000235,ON,Passenger cars,North America,Units,Unadjusted,Units,300,units,0,v42170134,7.2.2.1.1,3537
Jan-24,Ontario,2016A000235,ON,Passenger cars,Japan,Units,Unadjusted,Units,300,units,0,v42170138,7.2.4.1.1,1269
Jan-24,Ontario,2016A000235,ON,Passenger cars,Other countries,Units,Unadjusted,Units,300,units,0,v42170140,7.2.5.1.1,1546
Jan-24,Ontario,2016A000235,ON,Trucks,North America,Units,Unadjusted,Units,300,units,0,v42170144,7.3.2.1.1,28752
Jan-24,Alberta,2016A000248,AB,Passenger cars,North America,Units,Unadjusted,Units,300,units,0,v42169953,10.2.2.1.1,625
Jan-24,Alberta,2016A000248,AB,Passenger cars,Japan,Units,Unadjusted,Units,300,units,0,v42169957,10.2.4.1.1,213
Jan-24,Alberta,2016A000248,AB,Passenger cars,Other countries,Units,Unadjusted,Units,300,units,0,v42169959,10.2.5.1.1,293
Jan-24,Alberta,2016A000248,AB,Trucks,North America,Units,Unadjusted,Units,300,units,0,v42169963,10.3.2.1.1,11047
Feb-24,Quebec,2016A000224,QC,Passenger cars,North America,Units,Unadjusted,Units,300,units,0,v42170107,6.2.2.1.1,1947
Feb-24,Quebec,2016A000224,QC,Passenger cars,Japan,Units,Unadjusted,Units,300,units,0,v42170111,6.2.4.1.1,1008
Feb-24,Quebec,2016A000224,QC,Passenger cars,Other countries,Units,Unadjusted,Units,300,units,0,v42170113,6.2.5.1.1,1224
Feb-24,Quebec,2016A000224,QC,Trucks,North America,Units,Unadjusted,Units,300,units,0,v42170117,6.3.2.1.1,16817
Feb-24,Ontario,2016A000235,ON,Passenger cars,North America,Units,Unadjusted,Units,300,units,0,v42170134,7.2.2.1.1,3905
Feb-24,Ontario,2016A000235,ON,Passenger cars,Japan,Units,Unadjusted,Units,300,units,0,v42170138,7.2.4.1.1,1085
Feb-24,Ontario,2016A000235,ON,Passenger cars,Other countries,Units,Unadjusted,Units,300,units,0,v42170140,7.2.5.1.1,1793
Feb-24,Ontario,2016A000235,ON,Trucks,North America,Units,Unadjusted,Units,300,units,0,v42170144,7.3.2.1.1,39136
Feb-24,Alberta,2016A000248,AB,Passenger cars,North America,Units,Unadjusted,Units,300,units,0,v42169953,10.2.2.1.1,525
Feb-24,Alberta,2016A000248,AB,Passenger cars,Japan,Units,Unadjusted,Units,300,units,0,v42169957,10.2.4.1.1,208
Feb-24,Alberta,2016A000248,AB,Passenger cars,Other countries,Units,Unadjusted,Units,300,units,0,v42169959,10.2.5.1.1,308
Feb-24,Alberta,2016A000248,AB,Trucks,North America,Units,Unadjusted,Units,300,units,0,v42169963,10.3.2.1.1,10230
Mar-24,Quebec,2016A000224,QC,Passenger cars,North America,Units,Unadjusted,Units,300,units,0,v42170107,6.2.2.1.1,3359
Mar-24,Quebec,2016A000224,QC,Passenger cars,Japan,Units,Unadjusted,Units,300,units,0,v42170111,6.2.4.1.1,1367
Mar-24,Quebec,2016A000224,QC,Passenger cars,Other countries,Units,Unadjusted,Units,300,units,0,v42170113,6.2.5.1.1,1477
Mar-24,Quebec,2016A000224,QC,Trucks,North America,Units,Unadjusted,Units,300,units,0,v42170117,6.3.2.1.1,22779
Mar-24,Ontario,2016A000235,ON,Passenger cars,North America,Units,Unadjusted,Units,300,units,0,v42170134,7.2.2.1.1,6697
Mar-24,Ontario,2016A000235,ON,Passenger cars,Japan,Units,Unadjusted,Units,300,units,0,v42170138,7.2.4.1.1,1311
Mar-24,Ontario,2016A000235,ON,Passenger cars,Other countries,Units,Unadjusted,Units,300,units,0,v42170140,7.2.5.1.1,2368
Mar-24,Ontario,2016A000235,ON,Trucks,North America,Units,Unadjusted,Units,300,units,0,v42170144,7.3.2.1.1,43219
Mar-24,Alberta,2016A000248,AB,Passenger cars,North America,Units,Unadjusted,Units,300,units,0,v42169953,10.2.2.1.1,1358
Mar-24,Alberta,2016A000248,AB,Passenger cars,Japan,Units,Unadjusted,Units,300,units,0,v42169957,10.2.4.1.1,245
Mar-24,Alberta,2016A000248,AB,Passenger cars,Other countries,Units,Unadjusted,Units,300,units,0,v42169959,10.2.5.1.1,322
Mar-24,Alberta,2016A000248,AB,Trucks,North America,Units,Unadjusted,Units,300,units,0,v42169963,10.3.2.1.1,14072
Apr-24,Quebec,2016A000224,QC,Passenger cars,North America,Units,Unadjusted,Units,300,units,0,v42170107,6.2.2.1.1,3338
Apr-24,Quebec,2016A000224,QC,Passenger cars,Japan,Units,Unadjusted,Units,300,units,0,v42170111,6.2.4.1.1,1315
Apr-24,Quebec,2016A000224,QC,Passenger cars,Other countries,Units,Unadjusted,Units,300,units,0,v42170113,6.2.5.1.1,1534
Apr-24,Quebec,2016A000224,QC,Trucks,North America,Units,Unadjusted,Units,300,units,0,v42170117,6.3.2.1.1,22694
Apr-24,Ontario,2016A000235,ON,Passenger cars,North America,Units,Unadjusted,Units,300,units,0,v42170134,7.2.2.1.1,6578
Apr-24,Ontario,2016A000235,ON,Passenger cars,Japan,Units,Unadjusted,Units,300,units,0,v42170138,7.2.4.1.1,1875
Apr-24,Ontario,2016A000235,ON,Passenger cars,Other countries,Units,Unadjusted,Units,300,units,0,v42170140,7.2.5.1.1,2192
Apr-24,Ontario,2016A000235,ON,Trucks,North America,Units,Unadjusted,Units,300,units,0,v42170144,7.3.2.1.1,45484
Apr-24,Alberta,2016A000248,AB,Passenger cars,North America,Units,Unadjusted,Units,300,units,0,v42169953,10.2.2.1.1,1100
Apr-24,Alberta,2016A000248,AB,Passenger cars,Japan,Units,Unadjusted,Units,300,units,0,v42169957,10.2.4.1.1,323
Apr-24,Alberta,2016A000248,AB,Passenger cars,Other countries,Units,Unadjusted,Units,300,units,0,v42169959,10.2.5.1.1,377
Apr-24,Alberta,2016A000248,AB,Trucks,North America,Units,Unadjusted,Units,300,units,0,v42169963,10.3.2.1.1,15683
May-24,Quebec,2016A000224,QC,Passenger cars,North America,Units,Unadjusted,Units,300,units,0,v42170107,6.2.2.1.1,3666
May-24,Quebec,2016A000224,QC,Passenger cars,Japan,Units,Unadjusted,Units,300,units,0,v42170111,6.2.4.1.1,1310
May-24,Quebec,2016A000224,QC,Passenger cars,Other countries,Units,Unadjusted,Units,300,units,0,v42170113,6.2.5.1.1,2095
May-24,Quebec,2016A000224,QC,Trucks,North America,Units,Unadjusted,Units,300,units,0,v42170117,6.3.2.1.1,23604
May-24,Ontario,2016A000235,ON,Passenger cars,North America,Units,Unadjusted,Units,300,units,0,v42170134,7.2.2.1.1,6705
May-24,Ontario,2016A000235,ON,Passenger cars,Japan,Units,Unadjusted,Units,300,units,0,v42170138,7.2.4.1.1,1643
May-24,Ontario,2016A000235,ON,Passenger cars,Other countries,Units,Unadjusted,Units,300,units,0,v42170140,7.2.5.1.1,3146
May-24,Ontario,2016A000235,ON,Trucks,North America,Units,Unadjusted,Units,300,units,0,v42170144,7.3.2.1.1,47500
May-24,Alberta,2016A000248,AB,Passenger cars,North America,Units,Unadjusted,Units,300,units,0,v42169953,10.2.2.1.1,1244
May-24,Alberta,2016A000248,AB,Passenger cars,Japan,Units,Unadjusted,Units,300,units,0,v42169957,10.2.4.1.1,303
May-24,Alberta,2016A000248,AB,Passenger cars,Other countries,Units,Unadjusted,Units,300,units,0,v42169959,10.2.5.1.1,388
May-24,Alberta,2016A000248,AB,Trucks,North America,Units,Unadjusted,Units,300,units,0,v42169963,10.3.2.1.1,16361
Jun-24,Quebec,2016A000224,QC,Passenger cars,North America,Units,Unadjusted,Units,300,units,0,v42170107,6.2.2.1.1,3160
Jun-24,Quebec,2016A000224,QC,Passenger cars,Japan,Units,Unadjusted,Units,300,units,0,v42170111,6.2.4.1.1,856
Jun-24,Quebec,2016A000224,QC,Passenger cars,Other countries,Units,Unadjusted,Units,300,units,0,v42170113,6.2.5.1.1,1707
Jun-24,Quebec,2016A000224,QC,Trucks,North America,Units,Unadjusted,Units,300,units,0,v42170117,6.3.2.1.1,19872
Jun-24,Ontario,2016A000235,ON,Passenger cars,North America,Units,Unadjusted,Units,300,units,0,v42170134,7.2.2.1.1,5650
Jun-24,Ontario,2016A000235,ON,Passenger cars,Japan,Units,Unadjusted,Units,300,units,0,v42170138,7.2.4.1.1,1110
Jun-24,Ontario,2016A000235,ON,Passenger cars,Other countries,Units,Unadjusted,Units,300,units,0,v42170140,7.2.5.1.1,2469
Jun-24,Ontario,2016A000235,ON,Trucks,North America,Units,Unadjusted,Units,300,units,0,v42170144,7.3.2.1.1,44797
Jun-24,Alberta,2016A000248,AB,Passenger cars,North America,Units,Unadjusted,Units,300,units,0,v42169953,10.2.2.1.1,1099
Jun-24,Alberta,2016A000248,AB,Passenger cars,Japan,Units,Unadjusted,Units,300,units,0,v42169957,10.2.4.1.1,208
Jun-24,Alberta,2016A000248,AB,Passenger cars,Other countries,Units,Unadjusted,Units,300,units,0,v42169959,10.2.5.1.1,401
Jun-24,Alberta,2016A000248,AB,Trucks,North America,Units,Unadjusted,Units,300,units,0,v42169963,10.3.2.1.1,14056
Jul-24,Quebec,2016A000224,QC,Passenger cars,North America,Units,Unadjusted,Units,300,units,0,v42170107,6.2.2.1.1,3006
Jul-24,Quebec,2016A000224,QC,Passenger cars,Japan,Units,Unadjusted,Units,300,units,0,v42170111,6.2.4.1.1,990
Jul-24,Quebec,2016A000224,QC,Passenger cars,Other countries,Units,Unadjusted,Units,300,units,0,v42170113,6.2.5.1.1,2112
Jul-24,Quebec,2016A000224,QC,Trucks,North America,Units,Unadjusted,Units,300,units,0,v42170117,6.3.2.1.1,20656
Jul-24,Ontario,2016A000235,ON,Passenger cars,North America,Units,Unadjusted,Units,300,units,0,v42170134,7.2.2.1.1,5336
Jul-24,Ontario,2016A000235,ON,Passenger cars,Japan,Units,Unadjusted,Units,300,units,0,v42170138,7.2.4.1.1,1287
Jul-24,Ontario,2016A000235,ON,Passenger cars,Other countries,Units,Unadjusted,Units,300,units,0,v42170140,7.2.5.1.1,2619
Jul-24,Ontario,2016A000235,ON,Trucks,North America,Units,Unadjusted,Units,300,units,0,v42170144,7.3.2.1.1,43361
Jul-24,Alberta,2016A000248,AB,Passenger cars,North America,Units,Unadjusted,Units,300,units,0,v42169953,10.2.2.1.1,868
Jul-24,Alberta,2016A000248,AB,Passenger cars,Japan,Units,Unadjusted,Units,300,units,0,v42169957,10.2.4.1.1,206
Jul-24,Alberta,2016A000248,AB,Passenger cars,Other countries,Units,Unadjusted,Units,300,units,0,v42169959,10.2.5.1.1,507
Jul-24,Alberta,2016A000248,AB,Trucks,North America,Units,Unadjusted,Units,300,units,0,v42169963,10.3.2.1.1,14456
Aug-24,Quebec,2016A000224,QC,Passenger cars,North America,Units,Unadjusted,Units,300,units,0,v42170107,6.2.2.1.1,2456
Aug-24,Quebec,2016A000224,QC,Passenger cars,Japan,Units,Unadjusted,Units,300,units,0,v42170111,6.2.4.1.1,1463
Aug-24,Quebec,2016A000224,QC,Passenger cars,Other countries,Units,Unadjusted,Units,300,units,0,v42170113,6.2.5.1.1,2304
Aug-24,Quebec,2016A000224,QC,Trucks,North America,Units,Unadjusted,Units,300,units,0,v42170117,6.3.2.1.1,19360
Aug-24,Ontario,2016A000235,ON,Passenger cars,North America,Units,Unadjusted,Units,300,units,0,v42170134,7.2.2.1.1,4561
Aug-24,Ontario,2016A000235,ON,Passenger cars,Japan,Units,Unadjusted,Units,300,units,0,v42170138,7.2.4.1.1,1418
Aug-24,Ontario,2016A000235,ON,Passenger cars,Other countries,Units,Unadjusted,Units,300,units,0,v42170140,7.2.5.1.1,2768
Aug-24,Ontario,2016A000235,ON,Trucks,North America,Units,Unadjusted,Units,300,units,0,v42170144,7.3.2.1.1,40095
Aug-24,Alberta,2016A000248,AB,Passenger cars,North America,Units,Unadjusted,Units,300,units,0,v42169953,10.2.2.1.1,722
Aug-24,Alberta,2016A000248,AB,Passenger cars,Japan,Units,Unadjusted,Units,300,units,0,v42169957,10.2.4.1.1,252
Aug-24,Alberta,2016A000248,AB,Passenger cars,Other countries,Units,Unadjusted,Units,300,units,0,v42169959,10.2.5.1.1,497
Aug-24,Alberta,2016A000248,AB,Trucks,North America,Units,Unadjusted,Units,300,units,0,v42169963,10.3.2.1.1,14333
Sep-24,Quebec,2016A000224,QC,Passenger cars,North America,Units,Unadjusted,Units,300,units,0,v42170107,6.2.2.1.1,2552
Sep-24,Quebec,2016A000224,QC,Passenger cars,Japan,Units,Unadjusted,Units,300,units,0,v42170111,6.2.4.1.1,1169
Sep-24,Quebec,2016A000224,QC,Passenger cars,Other countries,Units,Unadjusted,Units,300,units,0,v42170113,6.2.5.1.1,2374
Sep-24,Quebec,2016A000224,QC,Trucks,North America,Units,Unadjusted,Units,300,units,0,v42170117,6.3.2.1.1,19732
Sep-24,Ontario,2016A000235,ON,Passenger cars,North America,Units,Unadjusted,Units,300,units,0,v42170134,7.2.2.1.1,4766
Sep-24,Ontario,2016A000235,ON,Passenger cars,Japan,Units,Unadjusted,Units,300,units,0,v42170138,7.2.4.1.1,1311
Sep-24,Ontario,2016A000235,ON,Passenger cars,Other countries,Units,Unadjusted,Units,300,units,0,v42170140,7.2.5.1.1,2963
Sep-24,Ontario,2016A000235,ON,Trucks,North America,Units,Unadjusted,Units,300,units,0,v42170144,7.3.2.1.1,39080
Sep-24,Alberta,2016A000248,AB,Passenger cars,North America,Units,Unadjusted,Units,300,units,0,v42169953,10.2.2.1.1,833
Sep-24,Alberta,2016A000248,AB,Passenger cars,Japan,Units,Unadjusted,Units,300,units,0,v42169957,10.2.4.1.1,264
Sep-24,Alberta,2016A000248,AB,Passenger cars,Other countries,Units,Unadjusted,Units,300,units,0,v42169959,10.2.5.1.1,563
Sep-24,Alberta,2016A000248,AB,Trucks,North America,Units,Unadjusted,Units,300,units,0,v42169963,10.3.2.1.1,14466
Oct-24,Quebec,2016A000224,QC,Passenger cars,North America,Units,Unadjusted,Units,300,units,0,v42170107,6.2.2.1.1,2660
Oct-24,Quebec,2016A000224,QC,Passenger cars,Japan,Units,Unadjusted,Units,300,units,0,v42170111,6.2.4.1.1,1298
Oct-24,Quebec,2016A000224,QC,Passenger cars,Other countries,Units,Unadjusted,Units,300,units,0,v42170113,6.2.5.1.1,1781
Oct-24,Quebec,2016A000224,QC,Trucks,North America,Units,Unadjusted,Units,300,units,0,v42170117,6.3.2.1.1,22809
Oct-24,Ontario,2016A000235,ON,Passenger cars,North America,Units,Unadjusted,Units,300,units,0,v42170134,7.2.2.1.1,4849
Oct-24,Ontario,2016A000235,ON,Passenger cars,Japan,Units,Unadjusted,Units,300,units,0,v42170138,7.2.4.1.1,1344
Oct-24,Ontario,2016A000235,ON,Passenger cars,Other countries,Units,Unadjusted,Units,300,units,0,v42170140,7.2.5.1.1,2747
Oct-24,Ontario,2016A000235,ON,Trucks,North America,Units,Unadjusted,Units,300,units,0,v42170144,7.3.2.1.1,39791
Oct-24,Alberta,2016A000248,AB,Passenger cars,North America,Units,Unadjusted,Units,300,units,0,v42169953,10.2.2.1.1,809
Oct-24,Alberta,2016A000248,AB,Passenger cars,Japan,Units,Unadjusted,Units,300,units,0,v42169957,10.2.4.1.1,226
Oct-24,Alberta,2016A000248,AB,Passenger cars,Other countries,Units,Unadjusted,Units,300,units,0,v42169959,10.2.5.1.1,417
Oct-24,Alberta,2016A000248,AB,Trucks,North America,Units,Unadjusted,Units,300,units,0,v42169963,10.3.2.1.1,14121
Nov-24,Quebec,2016A000224,QC,Passenger cars,North America,Units,Unadjusted,Units,300,units,0,v42170107,6.2.2.1.1,3042
Nov-24,Quebec,2016A000224,QC,Passenger cars,Japan,Units,Unadjusted,Units,300,units,0,v42170111,6.2.4.1.1,746
Nov-24,Quebec,2016A000224,QC,Passenger cars,Other countries,Units,Unadjusted,Units,300,units,0,v42170113,6.2.5.1.1,1689
Nov-24,Quebec,2016A000224,QC,Trucks,North America,Units,Unadjusted,Units,300,units,0,v42170117,6.3.2.1.1,21657
Nov-24,Ontario,2016A000235,ON,Passenger cars,North America,Units,Unadjusted,Units,300,units,0,v42170134,7.2.2.1.1,4974
Nov-24,Ontario,2016A000235,ON,Passenger cars,Japan,Units,Unadjusted,Units,300,units,0,v42170138,7.2.4.1.1,968
Nov-24,Ontario,2016A000235,ON,Passenger cars,Other countries,Units,Unadjusted,Units,300,units,0,v42170140,7.2.5.1.1,2423
Nov-24,Ontario,2016A000235,ON,Trucks,North America,Units,Unadjusted,Units,300,units,0,v42170144,7.3.2.1.1,42595
Nov-24,Alberta,2016A000248,AB,Passenger cars,North America,Units,Unadjusted,Units,300,units,0,v42169953,10.2.2.1.1,751
Nov-24,Alberta,2016A000248,AB,Passenger cars,Japan,Units,Unadjusted,Units,300,units,0,v42169957,10.2.4.1.1,147
Nov-24,Alberta,2016A000248,AB,Passenger cars,Other countries,Units,Unadjusted,Units,300,units,0,v42169959,10.2.5.1.1,378
Nov-24,Alberta,2016A000248,AB,Trucks,North America,Units,Unadjusted,Units,300,units,0,v42169963,10.3.2.1.1,13721
Dec-24,Quebec,2016A000224,QC,Passenger cars,North America,Units,Unadjusted,Units,300,units,0,v42170107,6.2.2.1.1,2200
Dec-24,Quebec,2016A000224,QC,Passenger cars,Japan,Units,Unadjusted,Units,300,units,0,v42170111,6.2.4.1.1,919
Dec-24,Quebec,2016A000224,QC,Passenger cars,Other countries,Units,Unadjusted,Units,300,units,0,v42170113,6.2.5.1.1,1403
Dec-24,Quebec,2016A000224,QC,Trucks,North America,Units,Unadjusted,Units,300,units,0,v42170117,6.3.2.1.1,18326
Dec-24,Ontario,2016A000235,ON,Passenger cars,North America,Units,Unadjusted,Units,300,units,0,v42170134,7.2.2.1.1,4029
Dec-24,Ontario,2016A000235,ON,Passenger cars,Japan,Units,Unadjusted,Units,300,units,0,v42170138,7.2.4.1.1,979
Dec-24,Ontario,2016A000235,ON,Passenger cars,Other countries,Units,Unadjusted,Units,300,units,0,v42170140,7.2.5.1.1,2257
Dec-24,Ontario,2016A000235,ON,Trucks,North America,Units,Unadjusted,Units,300,units,0,v42170144,7.3.2.1.1,35040
Dec-24,Alberta,2016A000248,AB,Passenger cars,North America,Units,Unadjusted,Units,300,units,0,v42169953,10.2.2.1.1,631
Dec-24,Alberta,2016A000248,AB,Passenger cars,Japan,Units,Unadjusted,Units,300,units,0,v42169957,10.2.4.1.1,177
Dec-24,Alberta,2016A000248,AB,Passenger cars,Other countries,Units,Unadjusted,Units,300,units,0,v42169959,10.2.5.1.1,305
Dec-24,Alberta,2016A000248,AB,Trucks,North America,Units,Unadjusted,Units,300,units,0,v42169963,10.3.2.1.1,11769
Jan-24,Newfoundland and Labrador,2016A000210,NL,Passenger cars,North America,Units,Unadjusted,Units,300,units,0,v42170005,2.2.2.1.1,121
Jan-24,Newfoundland and Labrador,2016A000210,NL,Passenger cars,Japan,Units,Unadjusted,Units,300,units,0,v42170009,2.2.4.1.1,46
Jan-24,Newfoundland and Labrador,2016A000210,NL,Passenger cars,Other countries,Units,Unadjusted,Units,300,units,0,v42170011,2.2.5.1.1,46
Jan-24,Newfoundland and Labrador,2016A000210,NL,Trucks,North America,Units,Unadjusted,Units,300,units,0,v42170015,2.3.2.1.1,1222
Jan-24,Prince Edward Island,2016A000211,PE,Passenger cars,North America,Units,Unadjusted,Units,300,units,0,v42170028,3.2.2.1.1,29
Jan-24,Prince Edward Island,2016A000211,PE,Passenger cars,Japan,Units,Unadjusted,Units,300,units,0,v42170032,3.2.4.1.1,14
Jan-24,Prince Edward Island,2016A000211,PE,Passenger cars,Other countries,Units,Unadjusted,Units,300,units,0,v42170034,3.2.5.1.1,10
Jan-24,Prince Edward Island,2016A000211,PE,Trucks,North America,Units,Unadjusted,Units,300,units,0,v42170038,3.3.2.1.1,341
Jan-24,Nova Scotia,2016A000212,NS,Passenger cars,North America,Units,Unadjusted,Units,300,units,0,v42170053,4.2.2.1.1,246
Jan-24,Nova Scotia,2016A000212,NS,Passenger cars,Japan,Units,Unadjusted,Units,300,units,0,v42170057,4.2.4.1.1,116
Jan-24,Nova Scotia,2016A000212,NS,Passenger cars,Other countries,Units,Unadjusted,Units,300,units,0,v42170059,4.2.5.1.1,104
Jan-24,Nova Scotia,2016A000212,NS,Trucks,North America,Units,Unadjusted,Units,300,units,0,v42170063,4.3.2.1.1,1783
Jan-24,New Brunswick,2016A000213,NB,Passenger cars,North America,Units,Unadjusted,Units,300,units,0,v42170080,5.2.2.1.1,168
Jan-24,New Brunswick,2016A000213,NB,Passenger cars,Japan,Units,Unadjusted,Units,300,units,0,v42170084,5.2.4.1.1,88
Jan-24,New Brunswick,2016A000213,NB,Passenger cars,Other countries,Units,Unadjusted,Units,300,units,0,v42170086,5.2.5.1.1,64
Jan-24,New Brunswick,2016A000213,NB,Trucks,North America,Units,Unadjusted,Units,300,units,0,v42170090,5.3.2.1.1,1779
Jan-24,Manitoba,2016A000246,MB,Passenger cars,North America,Units,Unadjusted,Units,300,units,0,v42170161,8.2.2.1.1,219
Jan-24,Manitoba,2016A000246,MB,Passenger cars,Japan,Units,Unadjusted,Units,300,units,0,v42170165,8.2.4.1.1,78
Jan-24,Manitoba,2016A000246,MB,Passenger cars,Other countries,Units,Unadjusted,Units,300,units,0,v42170167,8.2.5.1.1,51
Jan-24,Manitoba,2016A000246,MB,Trucks,North America,Units,Unadjusted,Units,300,units,0,v42170171,8.3.2.1.1,2492
Jan-24,Saskatchewan,2016A000247,SK,Passenger cars,North America,Units,Unadjusted,Units,300,units,0,v42170188,9.2.2.1.1,74
Jan-24,Saskatchewan,2016A000247,SK,Passenger cars,Japan,Units,Unadjusted,Units,300,units,0,v42170192,9.2.4.1.1,31
Jan-24,Saskatchewan,2016A000247,SK,Passenger cars,Other countries,Units,Unadjusted,Units,300,units,0,v42170194,9.2.5.1.1,50
Jan-24,Saskatchewan,2016A000247,SK,Trucks,North America,Units,Unadjusted,Units,300,units,0,v42170198,9.3.2.1.1,2621
Jan-24,British Columbia and the Territories,,BC,Passenger cars,North America,Units,Unadjusted,Units,300,units,0,v42169980,11.2.2.1.1,870
Jan-24,British Columbia and the Territories,,BC,Passenger cars,Japan,Units,Unadjusted,Units,300,units,0,v42169984,11.2.4.1.1,532
Jan-24,British Columbia and the Territories,,BC,Passenger cars,Other countries,Units,Unadjusted,Units,300,units,0,v42169986,11.2.5.1.1,377
Jan-24,British Columbia and the Territories,,BC,Trucks,North America,Units,Unadjusted,Units,300,units,0,v42169990,11.3.2.1.1,8401
Feb-24,Newfoundland and Labrador,2016A000210,NL,Passenger cars,North America,Units,Unadjusted,Units,300,units,0,v42170005,2.2.2.1.1,111
Feb-24,Newfoundland and Labrador,2016A000210,NL,Passenger cars,Japan,Units,Unadjusted,Units,300,units,0,v42170009,2.2.4.1.1,30
Feb-24,Newfoundland and Labrador,2016A000210,NL,Passenger cars,Other countries,Units,Unadjusted,Units,300,units,0,v42170011,2.2.5.1.1,40
Feb-24,Newfoundland and Labrador,2016A000210,NL,Trucks,North America,Units,Unadjusted,Units,300,units,0,v42170015,2.3.2.1.1,1143
Feb-24,Prince Edward Island,2016A000211,PE,Passenger cars,North America,Units,Unadjusted,Units,300,units,0,v42170028,3.2.2.1.1,48
Feb-24,Prince Edward Island,2016A000211,PE,Passenger cars,Japan,Units,Unadjusted,Units,300,units,0,v42170032,3.2.4.1.1,15
Feb-24,Prince Edward Island,2016A000211,PE,Passenger cars,Other countries,Units,Unadjusted,Units,300,units,0,v42170034,3.2.5.1.1,13
Feb-24,Prince Edward Island,2016A000211,PE,Trucks,North America,Units,Unadjusted,Units,300,units,0,v42170038,3.3.2.1.1,267
Feb-24,Nova Scotia,2016A000212,NS,Passenger cars,North America,Units,Unadjusted,Units,300,units,0,v42170053,4.2.2.1.1,271
Feb-24,Nova Scotia,2016A000212,NS,Passenger cars,Japan,Units,Unadjusted,Units,300,units,0,v42170057,4.2.4.1.1,77
Feb-24,Nova Scotia,2016A000212,NS,Passenger cars,Other countries,Units,Unadjusted,Units,300,units,0,v42170059,4.2.5.1.1,81
Feb-24,Nova Scotia,2016A000212,NS,Trucks,North America,Units,Unadjusted,Units,300,units,0,v42170063,4.3.2.1.1,1643
Feb-24,New Brunswick,2016A000213,NB,Passenger cars,North America,Units,Unadjusted,Units,300,units,0,v42170080,5.2.2.1.1,175
Feb-24,New Brunswick,2016A000213,NB,Passenger cars,Japan,Units,Unadjusted,Units,300,units,0,v42170084,5.2.4.1.1,69
Feb-24,New Brunswick,2016A000213,NB,Passenger cars,Other countries,Units,Unadjusted,Units,300,units,0,v42170086,5.2.5.1.1,68
Feb-24,New Brunswick,2016A000213,NB,Trucks,North America,Units,Unadjusted,Units,300,units,0,v42170090,5.3.2.1.1,1765
Feb-24,Manitoba,2016A000246,MB,Passenger cars,North America,Units,Unadjusted,Units,300,units,0,v42170161,8.2.2.1.1,215
Feb-24,Manitoba,2016A000246,MB,Passenger cars,Japan,Units,Unadjusted,Units,300,units,0,v42170165,8.2.4.1.1,68
Feb-24,Manitoba,2016A000246,MB,Passenger cars,Other countries,Units,Unadjusted,Units,300,units,0,v42170167,8.2.5.1.1,83
Feb-24,Manitoba,2016A000246,MB,Trucks,North America,Units,Unadjusted,Units,300,units,0,v42170171,8.3.2.1.1,2460
Feb-24,Saskatchewan,2016A000247,SK,Passenger cars,North America,Units,Unadjusted,Units,300,units,0,v42170188,9.2.2.1.1,107
Feb-24,Saskatchewan,2016A000247,SK,Passenger cars,Japan,Units,Unadjusted,Units,300,units,0,v42170192,9.2.4.1.1,29
Feb-24,Saskatchewan,2016A000247,SK,Passenger cars,Other countries,Units,Unadjusted,Units,300,units,0,v42170194,9.2.5.1.1,55
Feb-24,Saskatchewan,2016A000247,SK,Trucks,North America,Units,Unadjusted,Units,300,units,0,v42170198,9.3.2.1.1,2357
Feb-24,British Columbia and the Territories,,BC,Passenger cars,North America,Units,Unadjusted,Units,300,units,0,v42169980,11.2.2.1.1,852
Feb-24,British Columbia and the Territories,,BC,Passenger cars,Japan,Units,Unadjusted,Units,300,units,0,v42169984,11.2.4.1.1,544
Feb-24,British Columbia and the Territories,,BC,Passenger cars,Other countries,Units,Unadjusted,Units,300,units,0,v42169986,11.2.5.1.1,527
Feb-24,British Columbia and the Territories,,BC,Trucks,North America,Units,Unadjusted,Units,300,units,0,v42169990,11.3.2.1.1,8534
Mar-24,Newfoundland and Labrador,2016A000210,NL,Passenger cars,North America,Units,Unadjusted,Units,300,units,0,v42170005,2.2.2.1.1,220
Mar-24,Newfoundland and Labrador,2016A000210,NL,Passenger cars,Japan,Units,Unadjusted,Units,300,units,0,v42170009,2.2.4.1.1,40
Mar-24,Newfoundland and Labrador,2016A000210,NL,Passenger cars,Other countries,Units,Unadjusted,Units,300,units,0,v42170011,2.2.5.1.1,45
Mar-24,Newfoundland and Labrador,2016A000210,NL,Trucks,North America,Units,Unadjusted,Units,300,units,0,v42170015,2.3.2.1.1,1694
Mar-24,Prince Edward Island,2016A000211,PE,Passenger cars,North America,Units,Unadjusted,Units,300,units,0,v42170028,3.2.2.1.1,44
Mar-24,Prince Edward Island,2016A000211,PE,Passenger cars,Japan,Units,Unadjusted,Units,300,units,0,v42170032,3.2.4.1.1,19
Mar-24,Prince Edward Island,2016A000211,PE,Passenger cars,Other countries,Units,Unadjusted,Units,300,units,0,v42170034,3.2.5.1.1,12
Mar-24,Prince Edward Island,2016A000211,PE,Trucks,North America,Units,Unadjusted,Units,300,units,0,v42170038,3.3.2.1.1,442
Mar-24,Nova Scotia,2016A000212,NS,Passenger cars,North America,Units,Unadjusted,Units,300,units,0,v42170053,4.2.2.1.1,537
Mar-24,Nova Scotia,2016A000212,NS,Passenger cars,Japan,Units,Unadjusted,Units,300,units,0,v42170057,4.2.4.1.1,86
Mar-24,Nova Scotia,2016A000212,NS,Passenger cars,Other countries,Units,Unadjusted,Units,300,units,0,v42170059,4.2.5.1.1,90
Mar-24,Nova Scotia,2016A000212,NS,Trucks,North America,Units,Unadjusted,Units,300,units,0,v42170063,4.3.2.1.1,2524
Mar-24,New Brunswick,2016A000213,NB,Passenger cars,North America,Units,Unadjusted,Units,300,units,0,v42170080,5.2.2.1.1,227
Mar-24,New Brunswick,2016A000213,NB,Passenger cars,Japan,Units,Unadjusted,Units,300,units,0,v42170084,5.2.4.1.1,62
Mar-24,New Brunswick,2016A000213,NB,Passenger cars,Other countries,Units,Unadjusted,Units,300,units,0,v42170086,5.2.5.1.1,58
Mar-24,New Brunswick,2016A000213,NB,Trucks,North America,Units,Unadjusted,Units,300,units,0,v42170090,5.3.2.1.1,2583
Mar-24,Manitoba,2016A000246,MB,Passenger cars,North America,Units,Unadjusted,Units,300,units,0,v42170161,8.2.2.1.1,390
Mar-24,Manitoba,2016A000246,MB,Passenger cars,Japan,Units,Unadjusted,Units,300,units,0,v42170165,8.2.4.1.1,61
Mar-24,Manitoba,2016A000246,MB,Passenger cars,Other countries,Units,Unadjusted,Units,300,units,0,v42170167,8.2.5.1.1,65
Mar-24,Manitoba,2016A000246,MB,Trucks,North America,Units,Unadjusted,Units,300,units,0,v42170171,8.3.2.1.1,3378
Mar-24,Saskatchewan,2016A000247,SK,Passenger cars,North America,Units,Unadjusted,Units,300,units,0,v42170188,9.2.2.1.1,303
Mar-24,Saskatchewan,2016A000247,SK,Passenger cars,Japan,Units,Unadjusted,Units,300,units,0,v42170192,9.2.4.1.1,23
Mar-24,Saskatchewan,2016A000247,SK,Passenger cars,Other countries,Units,Unadjusted,Units,300,units,0,v42170194,9.2.5.1.1,67
Mar-24,Saskatchewan,2016A000247,SK,Trucks,North America,Units,Unadjusted,Units,300,units,0,v42170198,9.3.2.1.1,3195
Mar-24,British Columbia and the Territories,,BC,Passenger cars,North America,Units,Unadjusted,Units,300,units,0,v42169980,11.2.2.1.1,2092
Mar-24,British Columbia and the Territories,,BC,Passenger cars,Japan,Units,Unadjusted,Units,300,units,0,v42169984,11.2.4.1.1,654
Mar-24,British Columbia and the Territories,,BC,Passenger cars,Other countries,Units,Unadjusted,Units,300,units,0,v42169986,11.2.5.1.1,539
Mar-24,British Columbia and the Territories,,BC,Trucks,North America,Units,Unadjusted,Units,300,units,0,v42169990,11.3.2.1.1,11547
Apr-24,Newfoundland and Labrador,2016A000210,NL,Passenger cars,North America,Units,Unadjusted,Units,300,units,0,v42170005,2.2.2.1.1,255
Apr-24,Newfoundland and Labrador,2016A000210,NL,Passenger cars,Japan,Units,Unadjusted,Units,300,units,0,v42170009,2.2.4.1.1,
Apr-24,Newfoundland and Labrador,2016A000210,NL,Passenger cars,Other countries,Units,Unadjusted,Units,300,units,0,v42170011,2.2.5.1.1,
Apr-24,Newfoundland and Labrador,2016A000210,NL,Trucks,North America,Units,Unadjusted,Units,300,units,0,v42170015,2.3.2.1.1,1979
Apr-24,Prince Edward Island,2016A000211,PE,Passenger cars,North America,Units,Unadjusted,Units,300,units,0,v42170028,3.2.2.1.1,77
Apr-24,Prince Edward Island,2016A000211,PE,Passenger cars,Japan,Units,Unadjusted,Units,300,units,0,v42170032,3.2.4.1.1,
Apr-24,Prince Edward Island,2016A000211,PE,Passenger cars,Other countries,Units,Unadjusted,Units,300,units,0,v42170034,3.2.5.1.1,
Apr-24,Prince Edward Island,2016A000211,PE,Trucks,North America,Units,Unadjusted,Units,300,units,0,v42170038,3.3.2.1.1,529
Apr-24,Nova Scotia,2016A000212,NS,Passenger cars,North America,Units,Unadjusted,Units,300,units,0,v42170053,4.2.2.1.1,478
Apr-24,Nova Scotia,2016A000212,NS,Passenger cars,Japan,Units,Unadjusted,Units,300,units,0,v42170057,4.2.4.1.1,113
Apr-24,Nova Scotia,2016A000212,NS,Passenger cars,Other countries,Units,Unadjusted,Units,300,units,0,v42170059,4.2.5.1.1,113
Apr-24,Nova Scotia,2016A000212,NS,Trucks,North America,Units,Unadjusted,Units,300,units,0,v42170063,4.3.2.1.1,2692
Apr-24,New Brunswick,2016A000213,NB,Passenger cars,North America,Units,Unadjusted,Units,300,units,0,v42170080,5.2.2.1.1,250
Apr-24,New Brunswick,2016A000213,NB,Passenger cars,Japan,Units,Unadjusted,Units,300,units,0,v42170084,5.2.4.1.1,93
Apr-24,New Brunswick,2016A000213,NB,Passenger cars,Other countries,Units,Unadjusted,Units,300,units,0,v42170086,5.2.5.1.1,87
Apr-24,New Brunswick,2016A000213,NB,Trucks,North America,Units,Unadjusted,Units,300,units,0,v42170090,5.3.2.1.1,2739
Apr-24,Manitoba,2016A000246,MB,Passenger cars,North America,Units,Unadjusted,Units,300,units,0,v42170161,8.2.2.1.1,318
Apr-24,Manitoba,2016A000246,MB,Passenger cars,Japan,Units,Unadjusted,Units,300,units,0,v42170165,8.2.4.1.1,92
Apr-24,Manitoba,2016A000246,MB,Passenger cars,Other countries,Units,Unadjusted,Units,300,units,0,v42170167,8.2.5.1.1,82
Apr-24,Manitoba,2016A000246,MB,Trucks,North America,Units,Unadjusted,Units,300,units,0,v42170171,8.3.2.1.1,3638
Apr-24,Saskatchewan,2016A000247,SK,Passenger cars,North America,Units,Unadjusted,Units,300,units,0,v42170188,9.2.2.1.1,163
Apr-24,Saskatchewan,2016A000247,SK,Passenger cars,Japan,Units,Unadjusted,Units,300,units,0,v42170192,9.2.4.1.1,51
Apr-24,Saskatchewan,2016A000247,SK,Passenger cars,Other countries,Units,Unadjusted,Units,300,units,0,v42170194,9.2.5.1.1,51
Apr-24,Saskatchewan,2016A000247,SK,Trucks,North America,Units,Unadjusted,Units,300,units,0,v42170198,9.3.2.1.1,3707
Apr-24,British Columbia and the Territories,,BC,Passenger cars,North America,Units,Unadjusted,Units,300,units,0,v42169980,11.2.2.1.1,1677
Apr-24,British Columbia and the Territories,,BC,Passenger cars,Japan,Units,Unadjusted,Units,300,units,0,v42169984,11.2.4.1.1,790
Apr-24,British Columbia and the Territories,,BC,Passenger cars,Other countries,Units,Unadjusted,Units,300,units,0,v42169986,11.2.5.1.1,607
Apr-24,British Columbia and the Territories,,BC,Trucks,North America,Units,Unadjusted,Units,300,units,0,v42169990,11.3.2.1.1,11933
May-24,Newfoundland and Labrador,2016A000210,NL,Passenger cars,North America,Units,Unadjusted,Units,300,units,0,v42170005,2.2.2.1.1,244
May-24,Newfoundland and Labrador,2016A000210,NL,Passenger cars,Japan,Units,Unadjusted,Units,300,units,0,v42170009,2.2.4.1.1,57
May-24,Newfoundland and Labrador,2016A000210,NL,Passenger cars,Other countries,Units,Unadjusted,Units,300,units,0,v42170011,2.2.5.1.1,52
May-24,Newfoundland and Labrador,2016A000210,NL,Trucks,North America,Units,Unadjusted,Units,300,units,0,v42170015,2.3.2.1.1,2210
May-24,Prince Edward Island,2016A000211,PE,Passenger cars,North America,Units,Unadjusted,Units,300,units,0,v42170028,3.2.2.1.1,93
May-24,Prince Edward Island,2016A000211,PE,Passenger cars,Japan,Units,Unadjusted,Units,300,units,0,v42170032,3.2.4.1.1,21
May-24,Prince Edward Island,2016A000211,PE,Passenger cars,Other countries,Units,Unadjusted,Units,300,units,0,v42170034,3.2.5.1.1,15
May-24,Prince Edward Island,2016A000211,PE,Trucks,North America,Units,Unadjusted,Units,300,units,0,v42170038,3.3.2.1.1,496
May-24,Nova Scotia,2016A000212,NS,Passenger cars,North America,Units,Unadjusted,Units,300,units,0,v42170053,4.2.2.1.1,561
May-24,Nova Scotia,2016A000212,NS,Passenger cars,Japan,Units,Unadjusted,Units,300,units,0,v42170057,4.2.4.1.1,143
May-24,Nova Scotia,2016A000212,NS,Passenger cars,Other countries,Units,Unadjusted,Units,300,units,0,v42170059,4.2.5.1.1,115
May-24,Nova Scotia,2016A000212,NS,Trucks,North America,Units,Unadjusted,Units,300,units,0,v42170063,4.3.2.1.1,3047
May-24,New Brunswick,2016A000213,NB,Passenger cars,North America,Units,Unadjusted,Units,300,units,0,v42170080,5.2.2.1.1,335
May-24,New Brunswick,2016A000213,NB,Passenger cars,Japan,Units,Unadjusted,Units,300,units,0,v42170084,5.2.4.1.1,96
May-24,New Brunswick,2016A000213,NB,Passenger cars,Other countries,Units,Unadjusted,Units,300,units,0,v42170086,5.2.5.1.1,77
May-24,New Brunswick,2016A000213,NB,Trucks,North America,Units,Unadjusted,Units,300,units,0,v42170090,5.3.2.1.1,2754
May-24,Manitoba,2016A000246,MB,Passenger cars,North America,Units,Unadjusted,Units,300,units,0,v42170161,8.2.2.1.1,383
May-24,Manitoba,2016A000246,MB,Passenger cars,Japan,Units,Unadjusted,Units,300,units,0,v42170165,8.2.4.1.1,58
May-24,Manitoba,2016A000246,MB,Passenger cars,Other countries,Units,Unadjusted,Units,300,units,0,v42170167,8.2.5.1.1,81
May-24,Manitoba,2016A000246,MB,Trucks,North America,Units,Unadjusted,Units,300,units,0,v42170171,8.3.2.1.1,3780
May-24,Saskatchewan,2016A000247,SK,Passenger cars,North America,Units,Unadjusted,Units,300,units,0,v42170188,9.2.2.1.1,215
May-24,Saskatchewan,2016A000247,SK,Passenger cars,Japan,Units,Unadjusted,Units,300,units,0,v42170192,9.2.4.1.1,46
May-24,Saskatchewan,2016A000247,SK,Passenger cars,Other countries,Units,Unadjusted,Units,300,units,0,v42170194,9.2.5.1.1,67
May-24,Saskatchewan,2016A000247,SK,Trucks,North America,Units,Unadjusted,Units,300,units,0,v42170198,9.3.2.1.1,3554
May-24,British Columbia and the Territories,,BC,Passenger cars,North America,Units,Unadjusted,Units,300,units,0,v42169980,11.2.2.1.1,1844
May-24,British Columbia and the Territories,,BC,Passenger cars,Japan,Units,Unadjusted,Units,300,units,0,v42169984,11.2.4.1.1,496
May-24,British Columbia and the Territories,,BC,Passenger cars,Other countries,Units,Unadjusted,Units,300,units,0,v42169986,11.2.5.1.1,728
May-24,British Columbia and the Territories,,BC,Trucks,North America,Units,Unadjusted,Units,300,units,0,v42169990,11.3.2.1.1,12434
Jun-24,Newfoundland and Labrador,2016A000210,NL,Passenger cars,North America,Units,Unadjusted,Units,300,units,0,v42170005,2.2.2.1.1,222
Jun-24,Newfoundland and Labrador,2016A000210,NL,Passenger cars,Japan,Units,Unadjusted,Units,300,units,0,v42170009,2.2.4.1.1,
Jun-24,Newfoundland and Labrador,2016A000210,NL,Passenger cars,Other countries,Units,Unadjusted,Units,300,units,0,v42170011,2.2.5.1.1,
Jun-24,Newfoundland and Labrador,2016A000210,NL,Trucks,North America,Units,Unadjusted,Units,300,units,0,v42170015,2.3.2.1.1,1824
Jun-24,Prince Edward Island,2016A000211,PE,Passenger cars,North America,Units,Unadjusted,Units,300,units,0,v42170028,3.2.2.1.1,63
Jun-24,Prince Edward Island,2016A000211,PE,Passenger cars,Japan,Units,Unadjusted,Units,300,units,0,v42170032,3.2.4.1.1,
Jun-24,Prince Edward Island,2016A000211,PE,Passenger cars,Other countries,Units,Unadjusted,Units,300,units,0,v42170034,3.2.5.1.1,
Jun-24,Prince Edward Island,2016A000211,PE,Trucks,North America,Units,Unadjusted,Units,300,units,0,v42170038,3.3.2.1.1,363
Jun-24,Nova Scotia,2016A000212,NS,Passenger cars,North America,Units,Unadjusted,Units,300,units,0,v42170053,4.2.2.1.1,453
Jun-24,Nova Scotia,2016A000212,NS,Passenger cars,Japan,Units,Unadjusted,Units,300,units,0,v42170057,4.2.4.1.1,81
Jun-24,Nova Scotia,2016A000212,NS,Passenger cars,Other countries,Units,Unadjusted,Units,300,units,0,v42170059,4.2.5.1.1,88
Jun-24,Nova Scotia,2016A000212,NS,Trucks,North America,Units,Unadjusted,Units,300,units,0,v42170063,4.3.2.1.1,2732
Jun-24,New Brunswick,2016A000213,NB,Passenger cars,North America,Units,Unadjusted,Units,300,units,0,v42170080,5.2.2.1.1,264
Jun-24,New Brunswick,2016A000213,NB,Passenger cars,Japan,Units,Unadjusted,Units,300,units,0,v42170084,5.2.4.1.1,59
Jun-24,New Brunswick,2016A000213,NB,Passenger cars,Other countries,Units,Unadjusted,Units,300,units,0,v42170086,5.2.5.1.1,51
Jun-24,New Brunswick,2016A000213,NB,Trucks,North America,Units,Unadjusted,Units,300,units,0,v42170090,5.3.2.1.1,2270
Jun-24,Manitoba,2016A000246,MB,Passenger cars,North America,Units,Unadjusted,Units,300,units,0,v42170161,8.2.2.1.1,318
Jun-24,Manitoba,2016A000246,MB,Passenger cars,Japan,Units,Unadjusted,Units,300,units,0,v42170165,8.2.4.1.1,36
Jun-24,Manitoba,2016A000246,MB,Passenger cars,Other countries,Units,Unadjusted,Units,300,units,0,v42170167,8.2.5.1.1,66
Jun-24,Manitoba,2016A000246,MB,Trucks,North America,Units,Unadjusted,Units,300,units,0,v42170171,8.3.2.1.1,3849
Jun-24,Saskatchewan,2016A000247,SK,Passenger cars,North America,Units,Unadjusted,Units,300,units,0,v42170188,9.2.2.1.1,190
Jun-24,Saskatchewan,2016A000247,SK,Passenger cars,Japan,Units,Unadjusted,Units,300,units,0,v42170192,9.2.4.1.1,30
Jun-24,Saskatchewan,2016A000247,SK,Passenger cars,Other countries,Units,Unadjusted,Units,300,units,0,v42170194,9.2.5.1.1,60
Jun-24,Saskatchewan,2016A000247,SK,Trucks,North America,Units,Unadjusted,Units,300,units,0,v42170198,9.3.2.1.1,3451
Jun-24,British Columbia and the Territories,,BC,Passenger cars,North America,Units,Unadjusted,Units,300,units,0,v42169980,11.2.2.1.1,1445
Jun-24,British Columbia and the Territories,,BC,Passenger cars,Japan,Units,Unadjusted,Units,300,units,0,v42169984,11.2.4.1.1,401
Jun-24,British Columbia and the Territories,,BC,Passenger cars,Other countries,Units,Unadjusted,Units,300,units,0,v42169986,11.2.5.1.1,641
Jun-24,British Columbia and the Territories,,BC,Trucks,North America,Units,Unadjusted,Units,300,units,0,v42169990,11.3.2.1.1,11593
Jul-24,Newfoundland and Labrador,2016A000210,NL,Passenger cars,North America,Units,Unadjusted,Units,300,units,0,v42170005,2.2.2.1.1,277
Jul-24,Newfoundland and Labrador,2016A000210,NL,Passenger cars,Japan,Units,Unadjusted,Units,300,units,0,v42170009,2.2.4.1.1,31
Jul-24,Newfoundland and Labrador,2016A000210,NL,Passenger cars,Other countries,Units,Unadjusted,Units,300,units,0,v42170011,2.2.5.1.1,66
Jul-24,Newfoundland and Labrador,2016A000210,NL,Trucks,North America,Units,Unadjusted,Units,300,units,0,v42170015,2.3.2.1.1,2251
Jul-24,Prince Edward Island,2016A000211,PE,Passenger cars,North America,Units,Unadjusted,Units,300,units,0,v42170028,3.2.2.1.1,72
Jul-24,Prince Edward Island,2016A000211,PE,Passenger cars,Japan,Units,Unadjusted,Units,300,units,0,v42170032,3.2.4.1.1,13
Jul-24,Prince Edward Island,2016A000211,PE,Passenger cars,Other countries,Units,Unadjusted,Units,300,units,0,v42170034,3.2.5.1.1,24
Jul-24,Prince Edward Island,2016A000211,PE,Trucks,North America,Units,Unadjusted,Units,300,units,0,v42170038,3.3.2.1.1,546
Jul-24,Nova Scotia,2016A000212,NS,Passenger cars,North America,Units,Unadjusted,Units,300,units,0,v42170053,4.2.2.1.1,352
Jul-24,Nova Scotia,2016A000212,NS,Passenger cars,Japan,Units,Unadjusted,Units,300,units,0,v42170057,4.2.4.1.1,62
Jul-24,Nova Scotia,2016A000212,NS,Passenger cars,Other countries,Units,Unadjusted,Units,300,units,0,v42170059,4.2.5.1.1,140
Jul-24,Nova Scotia,2016A000212,NS,Trucks,North America,Units,Unadjusted,Units,300,units,0,v42170063,4.3.2.1.1,2744
Jul-24,New Brunswick,2016A000213,NB,Passenger cars,North America,Units,Unadjusted,Units,300,units,0,v42170080,5.2.2.1.1,234
Jul-24,New Brunswick,2016A000213,NB,Passenger cars,Japan,Units,Unadjusted,Units,300,units,0,v42170084,5.2.4.1.1,53
Jul-24,New Brunswick,2016A000213,NB,Passenger cars,Other countries,Units,Unadjusted,Units,300,units,0,v42170086,5.2.5.1.1,106
Jul-24,New Brunswick,2016A000213,NB,Trucks,North America,Units,Unadjusted,Units,300,units,0,v42170090,5.3.2.1.1,2763
Jul-24,Manitoba,2016A000246,MB,Passenger cars,North America,Units,Unadjusted,Units,300,units,0,v42170161,8.2.2.1.1,469
Jul-24,Manitoba,2016A000246,MB,Passenger cars,Japan,Units,Unadjusted,Units,300,units,0,v42170165,8.2.4.1.1,39
Jul-24,Manitoba,2016A000246,MB,Passenger cars,Other countries,Units,Unadjusted,Units,300,units,0,v42170167,8.2.5.1.1,91
Jul-24,Manitoba,2016A000246,MB,Trucks,North America,Units,Unadjusted,Units,300,units,0,v42170171,8.3.2.1.1,3915
Jul-24,Saskatchewan,2016A000247,SK,Passenger cars,North America,Units,Unadjusted,Units,300,units,0,v42170188,9.2.2.1.1,154
Jul-24,Saskatchewan,2016A000247,SK,Passenger cars,Japan,Units,Unadjusted,Units,300,units,0,v42170192,9.2.4.1.1,34
Jul-24,Saskatchewan,2016A000247,SK,Passenger cars,Other countries,Units,Unadjusted,Units,300,units,0,v42170194,9.2.5.1.1,63
Jul-24,Saskatchewan,2016A000247,SK,Trucks,North America,Units,Unadjusted,Units,300,units,0,v42170198,9.3.2.1.1,3607
Jul-24,British Columbia and the Territories,,BC,Passenger cars,North America,Units,Unadjusted,Units,300,units,0,v42169980,11.2.2.1.1,1561
Jul-24,British Columbia and the Territories,,BC,Passenger cars,Japan,Units,Unadjusted,Units,300,units,0,v42169984,11.2.4.1.1,469
Jul-24,British Columbia and the Territories,,BC,Passenger cars,Other countries,Units,Unadjusted,Units,300,units,0,v42169986,11.2.5.1.1,768
Jul-24,British Columbia and the Territories,,BC,Trucks,North America,Units,Unadjusted,Units,300,units,0,v42169990,11.3.2.1.1,11087
Aug-24,Newfoundland and Labrador,2016A000210,NL,Passenger cars,North America,Units,Unadjusted,Units,300,units,0,v42170005,2.2.2.1.1,185
Aug-24,Newfoundland and Labrador,2016A000210,NL,Passenger cars,Japan,Units,Unadjusted,Units,300,units,0,v42170009,2.2.4.1.1,45
Aug-24,Newfoundland and Labrador,2016A000210,NL,Passenger cars,Other countries,Units,Unadjusted,Units,300,units,0,v42170011,2.2.5.1.1,89
Aug-24,Newfoundland and Labrador,2016A000210,NL,Trucks,North America,Units,Unadjusted,Units,300,units,0,v42170015,2.3.2.1.1,2182
Aug-24,Prince Edward Island,2016A000211,PE,Passenger cars,North America,Units,Unadjusted,Units,300,units,0,v42170028,3.2.2.1.1,57
Aug-24,Prince Edward Island,2016A000211,PE,Passenger cars,Japan,Units,Unadjusted,Units,300,units,0,v42170032,3.2.4.1.1,11
Aug-24,Prince Edward Island,2016A000211,PE,Passenger cars,Other countries,Units,Unadjusted,Units,300,units,0,v42170034,3.2.5.1.1,22
Aug-24,Prince Edward Island,2016A000211,PE,Trucks,North America,Units,Unadjusted,Units,300,units,0,v42170038,3.3.2.1.1,522
Aug-24,Nova Scotia,2016A000212,NS,Passenger cars,North America,Units,Unadjusted,Units,300,units,0,v42170053,4.2.2.1.1,325
Aug-24,Nova Scotia,2016A000212,NS,Passenger cars,Japan,Units,Unadjusted,Units,300,units,0,v42170057,4.2.4.1.1,117
Aug-24,Nova Scotia,2016A000212,NS,Passenger cars,Other countries,Units,Unadjusted,Units,300,units,0,v42170059,4.2.5.1.1,187
Aug-24,Nova Scotia,2016A000212,NS,Trucks,North America,Units,Unadjusted,Units,300,units,0,v42170063,4.3.2.1.1,2760
Aug-24,New Brunswick,2016A000213,NB,Passenger cars,North America,Units,Unadjusted,Units,300,units,0,v42170080,5.2.2.1.1,196
Aug-24,New Brunswick,2016A000213,NB,Passenger cars,Japan,Units,Unadjusted,Units,300,units,0,v42170084,5.2.4.1.1,52
Aug-24,New Brunswick,2016A000213,NB,Passenger cars,Other countries,Units,Unadjusted,Units,300,units,0,v42170086,5.2.5.1.1,105
Aug-24,New Brunswick,2016A000213,NB,Trucks,North America,Units,Unadjusted,Units,300,units,0,v42170090,5.3.2.1.1,2872
Aug-24,Manitoba,2016A000246,MB,Passenger cars,North America,Units,Unadjusted,Units,300,units,0,v42170161,8.2.2.1.1,234
Aug-24,Manitoba,2016A000246,MB,Passenger cars,Japan,Units,Unadjusted,Units,300,units,0,v42170165,8.2.4.1.1,58
Aug-24,Manitoba,2016A000246,MB,Passenger cars,Other countries,Units,Unadjusted,Units,300,units,0,v42170167,8.2.5.1.1,89
Aug-24,Manitoba,2016A000246,MB,Trucks,North America,Units,Unadjusted,Units,300,units,0,v42170171,8.3.2.1.1,3955
Aug-24,Saskatchewan,2016A000247,SK,Passenger cars,North America,Units,Unadjusted,Units,300,units,0,v42170188,9.2.2.1.1,126
Aug-24,Saskatchewan,2016A000247,SK,Passenger cars,Japan,Units,Unadjusted,Units,300,units,0,v42170192,9.2.4.1.1,35
Aug-24,Saskatchewan,2016A000247,SK,Passenger cars,Other countries,Units,Unadjusted,Units,300,units,0,v42170194,9.2.5.1.1,78
Aug-24,Saskatchewan,2016A000247,SK,Trucks,North America,Units,Unadjusted,Units,300,units,0,v42170198,9.3.2.1.1,3639
Aug-24,British Columbia and the Territories,,BC,Passenger cars,North America,Units,Unadjusted,Units,300,units,0,v42169980,11.2.2.1.1,906
Aug-24,British Columbia and the Territories,,BC,Passenger cars,Japan,Units,Unadjusted,Units,300,units,0,v42169984,11.2.4.1.1,632
Aug-24,British Columbia and the Territories,,BC,Passenger cars,Other countries,Units,Unadjusted,Units,300,units,0,v42169986,11.2.5.1.1,1209
Aug-24,British Columbia and the Territories,,BC,Trucks,North America,Units,Unadjusted,Units,300,units,0,v42169990,11.3.2.1.1,10139
Sep-24,Newfoundland and Labrador,2016A000210,NL,Passenger cars,North America,Units,Unadjusted,Units,300,units,0,v42170005,2.2.2.1.1,152
Sep-24,Newfoundland and Labrador,2016A000210,NL,Passenger cars,Japan,Units,Unadjusted,Units,300,units,0,v42170009,2.2.4.1.1,45
Sep-24,Newfoundland and Labrador,2016A000210,NL,Passenger cars,Other countries,Units,Unadjusted,Units,300,units,0,v42170011,2.2.5.1.1,87
Sep-24,Newfoundland and Labrador,2016A000210,NL,Trucks,North America,Units,Unadjusted,Units,300,units,0,v42170015,2.3.2.1.1,1915
Sep-24,Prince Edward Island,2016A000211,PE,Passenger cars,North America,Units,Unadjusted,Units,300,units,0,v42170028,3.2.2.1.1,47
Sep-24,Prince Edward Island,2016A000211,PE,Passenger cars,Japan,Units,Unadjusted,Units,300,units,0,v42170032,3.2.4.1.1,17
Sep-24,Prince Edward Island,2016A000211,PE,Passenger cars,Other countries,Units,Unadjusted,Units,300,units,0,v42170034,3.2.5.1.1,11
Sep-24,Prince Edward Island,2016A000211,PE,Trucks,North America,Units,Unadjusted,Units,300,units,0,v42170038,3.3.2.1.1,467
Sep-24,Nova Scotia,2016A000212,NS,Passenger cars,North America,Units,Unadjusted,Units,300,units,0,v42170053,4.2.2.1.1,313
Sep-24,Nova Scotia,2016A000212,NS,Passenger cars,Japan,Units,Unadjusted,Units,300,units,0,v42170057,4.2.4.1.1,90
Sep-24,Nova Scotia,2016A000212,NS,Passenger cars,Other countries,Units,Unadjusted,Units,300,units,0,v42170059,4.2.5.1.1,144
Sep-24,Nova Scotia,2016A000212,NS,Trucks,North America,Units,Unadjusted,Units,300,units,0,v42170063,4.3.2.1.1,2709
Sep-24,New Brunswick,2016A000213,NB,Passenger cars,North America,Units,Unadjusted,Units,300,units,0,v42170080,5.2.2.1.1,207
Sep-24,New Brunswick,2016A000213,NB,Passenger cars,Japan,Units,Unadjusted,Units,300,units,0,v42170084,5.2.4.1.1,85
Sep-24,New Brunswick,2016A000213,NB,Passenger cars,Other countries,Units,Unadjusted,Units,300,units,0,v42170086,5.2.5.1.1,84
Sep-24,New Brunswick,2016A000213,NB,Trucks,North America,Units,Unadjusted,Units,300,units,0,v42170090,5.3.2.1.1,2602
Sep-24,Manitoba,2016A000246,MB,Passenger cars,North America,Units,Unadjusted,Units,300,units,0,v42170161,8.2.2.1.1,243
Sep-24,Manitoba,2016A000246,MB,Passenger cars,Japan,Units,Unadjusted,Units,300,units,0,v42170165,8.2.4.1.1,63
Sep-24,Manitoba,2016A000246,MB,Passenger cars,Other countries,Units,Unadjusted,Units,300,units,0,v42170167,8.2.5.1.1,117
Sep-24,Manitoba,2016A000246,MB,Trucks,North America,Units,Unadjusted,Units,300,units,0,v42170171,8.3.2.1.1,3610
Sep-24,Saskatchewan,2016A000247,SK,Passenger cars,North America,Units,Unadjusted,Units,300,units,0,v42170188,9.2.2.1.1,123
Sep-24,Saskatchewan,2016A000247,SK,Passenger cars,Japan,Units,Unadjusted,Units,300,units,0,v42170192,9.2.4.1.1,30
Sep-24,Saskatchewan,2016A000247,SK,Passenger cars,Other countries,Units,Unadjusted,Units,300,units,0,v42170194,9.2.5.1.1,73
Sep-24,Saskatchewan,2016A000247,SK,Trucks,North America,Units,Unadjusted,Units,300,units,0,v42170198,9.3.2.1.1,3371
Sep-24,British Columbia and the Territories,,BC,Passenger cars,North America,Units,Unadjusted,Units,300,units,0,v42169980,11.2.2.1.1,922
Sep-24,British Columbia and the Territories,,BC,Passenger cars,Japan,Units,Unadjusted,Units,300,units,0,v42169984,11.2.4.1.1,569
Sep-24,British Columbia and the Territories,,BC,Passenger cars,Other countries,Units,Unadjusted,Units,300,units,0,v42169986,11.2.5.1.1,1273
Sep-24,British Columbia and the Territories,,BC,Trucks,North America,Units,Unadjusted,Units,300,units,0,v42169990,11.3.2.1.1,9497
Oct-24,Newfoundland and Labrador,2016A000210,NL,Passenger cars,North America,Units,Unadjusted,Units,300,units,0,v42170005,2.2.2.1.1,155
Oct-24,Newfoundland and Labrador,2016A000210,NL,Passenger cars,Japan,Units,Unadjusted,Units,300,units,0,v42170009,2.2.4.1.1,52
Oct-24,Newfoundland and Labrador,2016A000210,NL,Passenger cars,Other countries,Units,Unadjusted,Units,300,units,0,v42170011,2.2.5.1.1,59
Oct-24,Newfoundland and Labrador,2016A000210,NL,Trucks,North America,Units,Unadjusted,Units,300,units,0,v42170015,2.3.2.1.1,1966
Oct-24,Prince Edward Island,2016A000211,PE,Passenger cars,North America,Units,Unadjusted,Units,300,units,0,v42170028,3.2.2.1.1,62
Oct-24,Prince Edward Island,2016A000211,PE,Passenger cars,Japan,Units,Unadjusted,Units,300,units,0,v42170032,3.2.4.1.1,17
Oct-24,Prince Edward Island,2016A000211,PE,Passenger cars,Other countries,Units,Unadjusted,Units,300,units,0,v42170034,3.2.5.1.1,14
Oct-24,Prince Edward Island,2016A000211,PE,Trucks,North America,Units,Unadjusted,Units,300,units,0,v42170038,3.3.2.1.1,467
Oct-24,Nova Scotia,2016A000212,NS,Passenger cars,North America,Units,Unadjusted,Units,300,units,0,v42170053,4.2.2.1.1,319
Oct-24,Nova Scotia,2016A000212,NS,Passenger cars,Japan,Units,Unadjusted,Units,300,units,0,v42170057,4.2.4.1.1,114
Oct-24,Nova Scotia,2016A000212,NS,Passenger cars,Other countries,Units,Unadjusted,Units,300,units,0,v42170059,4.2.5.1.1,125
Oct-24,Nova Scotia,2016A000212,NS,Trucks,North America,Units,Unadjusted,Units,300,units,0,v42170063,4.3.2.1.1,2692
Oct-24,New Brunswick,2016A000213,NB,Passenger cars,North America,Units,Unadjusted,Units,300,units,0,v42170080,5.2.2.1.1,248
Oct-24,New Brunswick,2016A000213,NB,Passenger cars,Japan,Units,Unadjusted,Units,300,units,0,v42170084,5.2.4.1.1,78
Oct-24,New Brunswick,2016A000213,NB,Passenger cars,Other countries,Units,Unadjusted,Units,300,units,0,v42170086,5.2.5.1.1,104
Oct-24,New Brunswick,2016A000213,NB,Trucks,North America,Units,Unadjusted,Units,300,units,0,v42170090,5.3.2.1.1,2369
Oct-24,Manitoba,2016A000246,MB,Passenger cars,North America,Units,Unadjusted,Units,300,units,0,v42170161,8.2.2.1.1,236
Oct-24,Manitoba,2016A000246,MB,Passenger cars,Japan,Units,Unadjusted,Units,300,units,0,v42170165,8.2.4.1.1,67
Oct-24,Manitoba,2016A000246,MB,Passenger cars,Other countries,Units,Unadjusted,Units,300,units,0,v42170167,8.2.5.1.1,91
Oct-24,Manitoba,2016A000246,MB,Trucks,North America,Units,Unadjusted,Units,300,units,0,v42170171,8.3.2.1.1,3411
Oct-24,Saskatchewan,2016A000247,SK,Passenger cars,North America,Units,Unadjusted,Units,300,units,0,v42170188,9.2.2.1.1,117
Oct-24,Saskatchewan,2016A000247,SK,Passenger cars,Japan,Units,Unadjusted,Units,300,units,0,v42170192,9.2.4.1.1,38
Oct-24,Saskatchewan,2016A000247,SK,Passenger cars,Other countries,Units,Unadjusted,Units,300,units,0,v42170194,9.2.5.1.1,48
Oct-24,Saskatchewan,2016A000247,SK,Trucks,North America,Units,Unadjusted,Units,300,units,0,v42170198,9.3.2.1.1,3359
Oct-24,British Columbia and the Territories,,BC,Passenger cars,North America,Units,Unadjusted,Units,300,units,0,v42169980,11.2.2.1.1,1165
Oct-24,British Columbia and the Territories,,BC,Passenger cars,Japan,Units,Unadjusted,Units,300,units,0,v42169984,11.2.4.1.1,453
Oct-24,British Columbia and the Territories,,BC,Passenger cars,Other countries,Units,Unadjusted,Units,300,units,0,v42169986,11.2.5.1.1,726
Oct-24,British Columbia and the Territories,,BC,Trucks,North America,Units,Unadjusted,Units,300,units,0,v42169990,11.3.2.1.1,10104
Nov-24,Newfoundland and Labrador,2016A000210,NL,Passenger cars,North America,Units,Unadjusted,Units,300,units,0,v42170005,2.2.2.1.1,158
Nov-24,Newfoundland and Labrador,2016A000210,NL,Passenger cars,Japan,Units,Unadjusted,Units,300,units,0,v42170009,2.2.4.1.1,38
Nov-24,Newfoundland and Labrador,2016A000210,NL,Passenger cars,Other countries,Units,Unadjusted,Units,300,units,0,v42170011,2.2.5.1.1,50
Nov-24,Newfoundland and Labrador,2016A000210,NL,Trucks,North America,Units,Unadjusted,Units,300,units,0,v42170015,2.3.2.1.1,1843
Nov-24,Prince Edward Island,2016A000211,PE,Passenger cars,North America,Units,Unadjusted,Units,300,units,0,v42170028,3.2.2.1.1,46
Nov-24,Prince Edward Island,2016A000211,PE,Passenger cars,Japan,Units,Unadjusted,Units,300,units,0,v42170032,3.2.4.1.1,10
Nov-24,Prince Edward Island,2016A000211,PE,Passenger cars,Other countries,Units,Unadjusted,Units,300,units,0,v42170034,3.2.5.1.1,16
Nov-24,Prince Edward Island,2016A000211,PE,Trucks,North America,Units,Unadjusted,Units,300,units,0,v42170038,3.3.2.1.1,444
Nov-24,Nova Scotia,2016A000212,NS,Passenger cars,North America,Units,Unadjusted,Units,300,units,0,v42170053,4.2.2.1.1,320
Nov-24,Nova Scotia,2016A000212,NS,Passenger cars,Japan,Units,Unadjusted,Units,300,units,0,v42170057,4.2.4.1.1,64
Nov-24,Nova Scotia,2016A000212,NS,Passenger cars,Other countries,Units,Unadjusted,Units,300,units,0,v42170059,4.2.5.1.1,116
Nov-24,Nova Scotia,2016A000212,NS,Trucks,North America,Units,Unadjusted,Units,300,units,0,v42170063,4.3.2.1.1,2506
Nov-24,New Brunswick,2016A000213,NB,Passenger cars,North America,Units,Unadjusted,Units,300,units,0,v42170080,5.2.2.1.1,232
Nov-24,New Brunswick,2016A000213,NB,Passenger cars,Japan,Units,Unadjusted,Units,300,units,0,v42170084,5.2.4.1.1,58
Nov-24,New Brunswick,2016A000213,NB,Passenger cars,Other countries,Units,Unadjusted,Units,300,units,0,v42170086,5.2.5.1.1,83
Nov-24,New Brunswick,2016A000213,NB,Trucks,North America,Units,Unadjusted,Units,300,units,0,v42170090,5.3.2.1.1,2517
Nov-24,Manitoba,2016A000246,MB,Passenger cars,North America,Units,Unadjusted,Units,300,units,0,v42170161,8.2.2.1.1,239
Nov-24,Manitoba,2016A000246,MB,Passenger cars,Japan,Units,Unadjusted,Units,300,units,0,v42170165,8.2.4.1.1,38
Nov-24,Manitoba,2016A000246,MB,Passenger cars,Other countries,Units,Unadjusted,Units,300,units,0,v42170167,8.2.5.1.1,82
Nov-24,Manitoba,2016A000246,MB,Trucks,North America,Units,Unadjusted,Units,300,units,0,v42170171,8.3.2.1.1,3601
Nov-24,Saskatchewan,2016A000247,SK,Passenger cars,North America,Units,Unadjusted,Units,300,units,0,v42170188,9.2.2.1.1,104
Nov-24,Saskatchewan,2016A000247,SK,Passenger cars,Japan,Units,Unadjusted,Units,300,units,0,v42170192,9.2.4.1.1,26
Nov-24,Saskatchewan,2016A000247,SK,Passenger cars,Other countries,Units,Unadjusted,Units,300,units,0,v42170194,9.2.5.1.1,45
Nov-24,Saskatchewan,2016A000247,SK,Trucks,North America,Units,Unadjusted,Units,300,units,0,v42170198,9.3.2.1.1,3465
Nov-24,British Columbia and the Territories,,BC,Passenger cars,North America,Units,Unadjusted,Units,300,units,0,v42169980,11.2.2.1.1,1501
Nov-24,British Columbia and the Territories,,BC,Passenger cars,Japan,Units,Unadjusted,Units,300,units,0,v42169984,11.2.4.1.1,400
Nov-24,British Columbia and the Territories,,BC,Passenger cars,Other countries,Units,Unadjusted,Units,300,units,0,v42169986,11.2.5.1.1,635
Nov-24,British Columbia and the Territories,,BC,Trucks,North America,Units,Unadjusted,Units,300,units,0,v42169990,11.3.2.1.1,11110
Dec-24,Newfoundland and Labrador,2016A000210,NL,Passenger cars,North America,Units,Unadjusted,Units,300,units,0,v42170005,2.2.2.1.1,123
Dec-24,Newfoundland and Labrador,2016A000210,NL,Passenger cars,Japan,Units,Unadjusted,Units,300,units,0,v42170009,2.2.4.1.1,26
Dec-24,Newfoundland and Labrador,2016A000210,NL,Passenger cars,Other countries,Units,Unadjusted,Units,300,units,0,v42170011,2.2.5.1.1,66
Dec-24,Newfoundland and Labrador,2016A000210,NL,Trucks,North America,Units,Unadjusted,Units,300,units,0,v42170015,2.3.2.1.1,1491
Dec-24,Prince Edward Island,2016A000211,PE,Passenger cars,North America,Units,Unadjusted,Units,300,units,0,v42170028,3.2.2.1.1,49
Dec-24,Prince Edward Island,2016A000211,PE,Passenger cars,Japan,Units,Unadjusted,Units,300,units,0,v42170032,3.2.4.1.1,14
Dec-24,Prince Edward Island,2016A000211,PE,Passenger cars,Other countries,Units,Unadjusted,Units,300,units,0,v42170034,3.2.5.1.1,13
Dec-24,Prince Edward Island,2016A000211,PE,Trucks,North America,Units,Unadjusted,Units,300,units,0,v42170038,3.3.2.1.1,385
Dec-24,Nova Scotia,2016A000212,NS,Passenger cars,North America,Units,Unadjusted,Units,300,units,0,v42170053,4.2.2.1.1,250
Dec-24,Nova Scotia,2016A000212,NS,Passenger cars,Japan,Units,Unadjusted,Units,300,units,0,v42170057,4.2.4.1.1,52
Dec-24,Nova Scotia,2016A000212,NS,Passenger cars,Other countries,Units,Unadjusted,Units,300,units,0,v42170059,4.2.5.1.1,111
Dec-24,Nova Scotia,2016A000212,NS,Trucks,North America,Units,Unadjusted,Units,300,units,0,v42170063,4.3.2.1.1,2189
Dec-24,New Brunswick,2016A000213,NB,Passenger cars,North America,Units,Unadjusted,Units,300,units,0,v42170080,5.2.2.1.1,168
Dec-24,New Brunswick,2016A000213,NB,Passenger cars,Japan,Units,Unadjusted,Units,300,units,0,v42170084,5.2.4.1.1,42
Dec-24,New Brunswick,2016A000213,NB,Passenger cars,Other countries,Units,Unadjusted,Units,300,units,0,v42170086,5.2.5.1.1,57
Dec-24,New Brunswick,2016A000213,NB,Trucks,North America,Units,Unadjusted,Units,300,units,0,v42170090,5.3.2.1.1,2033
Dec-24,Manitoba,2016A000246,MB,Passenger cars,North America,Units,Unadjusted,Units,300,units,0,v42170161,8.2.2.1.1,191
Dec-24,Manitoba,2016A000246,MB,Passenger cars,Japan,Units,Unadjusted,Units,300,units,0,v42170165,8.2.4.1.1,34
Dec-24,Manitoba,2016A000246,MB,Passenger cars,Other countries,Units,Unadjusted,Units,300,units,0,v42170167,8.2.5.1.1,81
Dec-24,Manitoba,2016A000246,MB,Trucks,North America,Units,Unadjusted,Units,300,units,0,v42170171,8.3.2.1.1,3156
Dec-24,Saskatchewan,2016A000247,SK,Passenger cars,North America,Units,Unadjusted,Units,300,units,0,v42170188,9.2.2.1.1,113
Dec-24,Saskatchewan,2016A000247,SK,Passenger cars,Japan,Units,Unadjusted,Units,300,units,0,v42170192,9.2.4.1.1,25
Dec-24,Saskatchewan,2016A000247,SK,Passenger cars,Other countries,Units,Unadjusted,Units,300,units,0,v42170194,9.2.5.1.1,62
Dec-24,Saskatchewan,2016A000247,SK,Trucks,North America,Units,Unadjusted,Units,300,units,0,v42170198,9.3.2.1.1,3152
Dec-24,British Columbia and the Territories,,BC,Passenger cars,North America,Units,Unadjusted,Units,300,units,0,v42169980,11.2.2.1.1,1072
Dec-24,British Columbia and the Territories,,BC,Passenger cars,Japan,Units,Unadjusted,Units,300,units,0,v42169984,11.2.4.1.1,484
Dec-24,British Columbia and the Territories,,BC,Passenger cars,Other countries,Units,Unadjusted,Units,300,units,0,v42169986,11.2.5.1.1,520
Dec-24,British Columbia and the Territories,,BC,Trucks,North America,Units,Unadjusted,Units,300,units,0,v42169990,11.3.2.1.1,9480
